871474,dragon
367311,qwerty
666091,mustang
252572,letmei
618190,baseba
720594,mastera
441632,michae
846780,footbal
681926,shadow
909088,monkey
310341,abc123
753097,pass34
602661,lookme
211693,attain
600075,jordan
624649,harley
794901,ranger
760716,iwantu
218597,jenife
127284,hunter
114331,plenty
802449,enough
508676,test55
465124,batman
238346,trust1
887700,thomas
737659,tigger
860894,robert
319741,access
609974,love99
860251,buster
637820,honktk
764048,soccer
287556,hockey
691500,killer
613714,george
946376,sonoma
856719,andrew
980031,charly
281641,super0
980090,altimo
812368,leonid
136888,dallas
443874,jessic
737084,portal
191459,pepper
779137,titani
584170,austin
493422,willia
383451,daniel
